あああ,ああ,4
あああ,ああ,5
あああ,ああ,6
あああ,ああ,7
あああ,ああ,8
あああ,ああ,9
あああ,ああ,10
aaa,sss,11
aaa,ddd,12
ｐｐｐ,ｄｄｄ,1
あああ,ｋｋｋ,2
あああ,あああ,3
あああ,あああ,4
あああ,あああ,5
あああ,あああ,6
あああ,あああ,7
なまえ,まーる,10
なまえ,まーる,47
なまえ,まーる,47
なまえ,まーる,47
なまえ,まーる,47
なまえ,まーる,47
なまえ,まーる,47
なまえ,まーる,47
なまえ,まーる,47
なまえ,まーる,47
ともこ,ｋｋｋ
ともこ,ｋｋｋ
ともこ,ｋｋｋ,4,10,13,33,34,35,38,39,42,45,46
平田智子,hogehoge.com,11,16,34,37
ひよこ,aaa.com,1,26,29,42,47
くま,kuma.com,16,26,36,47
くま,kuma.com,16,26,36,47
くま,kuma.com,16,26,36,47
tomoko,huhu.com,1,2,3,4,5,6,7
aaa,mmm,1
aaa,mmm,1
aaa,mmm,1
bbb,mail.com,25,36
bbb,mail.com,25,36
bbb,mail.com,25,36
bbb,mail.com,25,36
bbb,mail.com,25,36
bbb,mail.com,25,36
bbb,mail.com,25,36
bbb,mail.com,25,36
bbb,mail.com,25,36
ひらた,kkk.com,25,26,33
